dataset,ctgan,qualsynth,smote,tabfairgdt
breast_cancer,0.28735632183908044,0.8008528644891693,0.9103448275862069,0.493103448275862
german_credit,0.8570833333333333,0.6171661132351836,0.9754166666666666,0.6716666666666666
haberman,0.7823529411764706,0.7563102109976362,0.7482352941176471,0.7788235294117647
htru2,0.29729822161422703,0.6789059599826083,0.6158572731418148,0.500421796625627
pima_diabetes,0.8035714285714286,0.8415389395008303,0.9392857142857143,0.5957142857142858
thyroid,0.9045340050377833,0.5395780077812853,0.9949118387909319,0.6828211586901763
wine_quality,0.8646088794926005,0.8422460898593951,0.9097251585623679,0.7589429175475687
yeast,0.6021739130434783,0.33912009240086843,0.9893719806763286,0.4578502415458937
